name,best_val_f1,f1_per_class
satria_regnety_040,0.956438488342851,"[0.9365973072215422, 0.9815873015873016, 0.9511308562197092]"
