{
  "name": "satria_regnety_040",
  "encoder_name": "regnety_040",
  "best_val_f1": 0.956438488342851,
  "best_epoch": 24,
  "f1_per_class": [
    0.9365973072215422,
    0.9815873015873016,
    0.9511308562197092
  ],
  "precision_per_class": [
    0.9175059952038369,
    0.9872286079182631,
    0.9659557013945858
  ],
  "recall_per_class": [
    0.9565,
    0.976010101010101,
    0.9367541766109785
  ]
}