{
  "name": "submission_resnet50",
  "encoder_name": "resnet50",
  "best_val_f1": 0.9700553328346704,
  "best_epoch": 31,
  "f1_per_class": [
    0.9569945625308948,
    0.9855072463768116,
    0.9676641895963045
  ],
  "precision_per_class": [
    0.946236559139785,
    0.9836477987421384,
    0.9772819472616633
  ],
  "recall_per_class": [
    0.968,
    0.9873737373737373,
    0.9582338902147971
  ]
}