{
  "name": "submission_convnext_tiny",
  "encoder_name": "convnext_tiny",
  "best_val_f1": 0.9729013964113723,
  "best_epoch": 10,
  "f1_per_class": [
    0.9418016194331984,
    0.9675366008911521,
    0.9597170367459226
  ],
  "precision_per_class": [
    0.9533811475409836,
    0.975609756097561,
    0.9483495145631068
  ],
  "recall_per_class": [
    0.9305,
    0.9595959595959596,
    0.9713603818615751
  ]
}