{
  "name": "submission_effnet_b3_300",
  "encoder_name": "efficientnet_b3",
  "best_val_f1": 0.9738531027479428,
  "best_epoch": 30,
  "f1_per_class": [
    0.9618856569709128,
    0.986700443318556,
    0.9712586719524281
  ],
  "precision_per_class": [
    0.9647887323943662,
    0.9898348157560356,
    0.9679968391939945
  ],
  "recall_per_class": [
    0.959,
    0.9835858585858586,
    0.9745425616547335
  ]
}