{
  "name": "yuda_convnext_tiny",
  "encoder_name": "convnext_tiny",
  "best_val_f1": 0.974227735498483,
  "best_epoch": 10,
  "f1_per_class": [
    0.9450990223113562,
    0.9638854296388543,
    0.963524018337652
  ],
  "precision_per_class": [
    0.9477124183006536,
    0.9508599508599509,
    0.9656412305233719
  ],
  "recall_per_class": [
    0.9425,
    0.9772727272727273,
    0.9614160700079555
  ]
}