{
  "name": "yuda_vit_small_patch16_224",
  "encoder_name": "vit_small_patch16_224",
  "best_val_f1": 0.9559481445513874,
  "best_epoch": 10,
  "f1_per_class": [
    0.9398587776966155,
    0.9612015018773467,
    0.955369879763603
  ],
  "precision_per_class": [
    0.9159943046986236,
    0.9528535980148883,
    0.9795236105307146
  ],
  "recall_per_class": [
    0.965,
    0.9696969696969697,
    0.9323786793953859
  ]
}