{
  "name": "yuda_resnext50_32x4d",
  "encoder_name": "resnext50_32x4d",
  "best_val_f1": 0.9665897332772726,
  "best_epoch": 21,
  "f1_per_class": [
    0.9527127924340468,
    0.9715729627289956,
    0.9662741967671123
  ],
  "precision_per_class": [
    0.9484638255698712,
    0.9721871049304678,
    0.9695634761714057
  ],
  "recall_per_class": [
    0.957,
    0.9709595959595959,
    0.9630071599045346
  ]
}