{
  "name": "yuda2_swin_tiny",
  "encoder_name": "swin_tiny_patch4_window7_224",
  "best_val_f1": 0.9668925015106766,
  "best_epoch": 8,
  "f1_per_class": [
    0.94265321191238,
    0.9714648065948003,
    0.9581657280772325
  ],
  "precision_per_class": [
    0.9282598158022297,
    0.975796178343949,
    0.9690805532953621
  ],
  "recall_per_class": [
    0.9575,
    0.9671717171717171,
    0.9474940334128878
  ]
}