{
  "name": "yuda_efficientnet_b3",
  "encoder_name": "efficientnet_b3",
  "best_val_f1": 0.9705781323008725,
  "best_epoch": 27,
  "f1_per_class": [
    0.9543650793650794,
    0.9849435382685069,
    0.96470116325712
  ],
  "precision_per_class": [
    0.9468503937007874,
    0.9788029925187033,
    0.9728964401294499
  ],
  "recall_per_class": [
    0.962,
    0.9911616161616161,
    0.956642800318218
  ]
}