{
  "name": "yuda_resnet50",
  "encoder_name": "resnet50",
  "best_val_f1": 0.9698417286463156,
  "best_epoch": 29,
  "f1_per_class": [
    0.9541375872382851,
    0.980466288594833,
    0.9670855774985039
  ],
  "precision_per_class": [
    0.9512922465208747,
    0.9786163522012579,
    0.9699879951980792
  ],
  "recall_per_class": [
    0.957,
    0.9823232323232324,
    0.964200477326969
  ]
}