{
  "name": "yuda4_C_text_features",
  "encoder_name": "clip_vit_b32",
  "best_val_f1": 0.9802867146644418,
  "best_epoch": 5,
  "f1_per_class": [
    0.7582774291278944,
    0.6108979278587874,
    0.8464163822525598
  ],
  "precision_per_class": [
    0.6684471575734453,
    0.7788649706457925,
    0.9126034958601656
  ],
  "recall_per_class": [
    0.876,
    0.5025252525252525,
    0.7891805887032617
  ]
}