{
  "name": "yuda2_convnext_focal",
  "encoder_name": "convnext_tiny",
  "best_val_f1": 0.0865857658248606,
  "best_epoch": 12,
  "f1_per_class": [
    0.0,
    0.2597572974745818,
    0.0
  ],
  "precision_per_class": [
    0.0,
    0.14926498303807012,
    0.0
  ],
  "recall_per_class": [
    0.0,
    1.0,
    0.0
  ]
}