{
  "name": "yuda2_convnext_randaug",
  "encoder_name": "convnext_tiny",
  "best_val_f1": 0.9725101743691352,
  "best_epoch": 9,
  "f1_per_class": [
    0.938558786346397,
    0.9375,
    0.9597436410975365
  ],
  "precision_per_class": [
    0.9493606138107417,
    0.8944954128440367,
    0.9665187575635337
  ],
  "recall_per_class": [
    0.928,
    0.9848484848484849,
    0.9530628480509149
  ]
}