{
  "name": "yuda2_effnet_b3_300",
  "encoder_name": "efficientnet_b3",
  "best_val_f1": 0.9730807726543511,
  "best_epoch": 20,
  "f1_per_class": [
    0.9568706118355065,
    0.9874213836477987,
    0.9674215335717123
  ],
  "precision_per_class": [
    0.959758551307847,
    0.9837092731829574,
    0.9662698412698413
  ],
  "recall_per_class": [
    0.954,
    0.9911616161616161,
    0.9685759745425616
  ]
}