{
  "name": "satria_clip_linear_probe",
  "encoder_name": "satria_clip_linear_probe",
  "best_val_f1": 0.9657089920975154,
  "best_epoch": 10,
  "f1_per_class": [
    0.9508605637316039,
    0.9817953546767106,
    0.9644710578842315
  ],
  "precision_per_class": [
    0.9487307117969139,
    0.9762796504369539,
    0.967948717948718
  ],
  "recall_per_class": [
    0.953,
    0.9873737373737373,
    0.9610182975338106
  ]
}