{
  "name": "satria_enb0_randaugment",
  "encoder_name": "efficientnet_b0",
  "best_val_f1": 0.9591766056474625,
  "best_epoch": 26,
  "f1_per_class": [
    0.9437422552664189,
    0.9766561514195583,
    0.9571314102564102
  ],
  "precision_per_class": [
    0.9356265356265356,
    0.9760403530895334,
    0.9640839386602098
  ],
  "recall_per_class": [
    0.952,
    0.9772727272727273,
    0.9502784407319014
  ]
}