{
  "name": "satria_mobilenetv3_large_100",
  "encoder_name": "mobilenetv3_large_100",
  "best_val_f1": 0.9473031258742249,
  "best_epoch": 21,
  "f1_per_class": [
    0.92658105161134,
    0.9646182495344506,
    0.9396799343455068
  ],
  "precision_per_class": [
    0.8989186647860837,
    0.9487179487179487,
    0.9703389830508474
  ],
  "recall_per_class": [
    0.956,
    0.9810606060606061,
    0.9108989657915673
  ]
}