{
  "name": "satria_mobilenetv3_small_best",
  "encoder_name": "mobilenetv3_small_100",
  "best_val_f1": 0.9299368752479914,
  "best_epoch": 24,
  "f1_per_class": [
    0.9038701622971286,
    0.9309712889431888,
    0.9340040241448692
  ],
  "precision_per_class": [
    0.9027431421446384,
    0.901775147928994,
    0.9450325732899023
  ],
  "recall_per_class": [
    0.905,
    0.9621212121212122,
    0.9232299124900557
  ]
}