{
  "name": "satria_enb0_weighted_sampler",
  "encoder_name": "efficientnet_b0",
  "best_val_f1": 0.954871564862989,
  "best_epoch": 23,
  "f1_per_class": [
    0.9360865290068829,
    0.9733502538071066,
    0.9520933977455717
  ],
  "precision_per_class": [
    0.9206963249516441,
    0.9783163265306123,
    0.9637326813365933
  ],
  "recall_per_class": [
    0.952,
    0.9684343434343434,
    0.9407319013524265
  ]
}