{
  "name": "satria_mobilenetv3_small_100",
  "encoder_name": "mobilenetv3_small_100",
  "best_val_f1": 0.9223217282850649,
  "best_epoch": 21,
  "f1_per_class": [
    0.8958871915393655,
    0.9335839598997494,
    0.9174543163201008
  ],
  "precision_per_class": [
    0.8452328159645233,
    0.9266169154228856,
    0.9719626168224299
  ],
  "recall_per_class": [
    0.953,
    0.9406565656565656,
    0.8687350835322196
  ]
}