{
  "name": "satria_enb0_default_aug",
  "encoder_name": "efficientnet_b0",
  "best_val_f1": 0.9516977769819333,
  "best_epoch": 26,
  "f1_per_class": [
    0.938259360277709,
    0.9642416769420469,
    0.9525922937260439
  ],
  "precision_per_class": [
    0.9306443679291687,
    0.9421686746987952,
    0.9664347114203847
  ],
  "recall_per_class": [
    0.946,
    0.9873737373737373,
    0.9391408114558473
  ]
}