{
  "name": "trisha_tf_efficientnetv2_s",
  "encoder_name": "tf_efficientnetv2_s",
  "best_val_f1": 0.9663978620263269,
  "best_epoch": 31,
  "f1_per_class": [
    0.9545683997980817,
    0.9780839073262367,
    0.9665412789546625
  ],
  "precision_per_class": [
    0.9638124362895005,
    0.9701863354037267,
    0.9617809298660362
  ],
  "recall_per_class": [
    0.9455,
    0.9861111111111112,
    0.9713489852765619
  ]
}