{
  "name": "trisha_resnet18",
  "encoder_name": "resnet18",
  "best_val_f1": 0.952984992494824,
  "best_epoch": 21,
  "f1_per_class": [
    0.935687263556116,
    0.9392663860493085,
    0.9566439181051787
  ],
  "precision_per_class": [
    0.9440203562340967,
    0.8966704936854191,
    0.9651680842446334
  ],
  "recall_per_class": [
    0.9275,
    0.9861111111111112,
    0.9482690011937923
  ]
}