{
  "name": "trisha_resnet34",
  "encoder_name": "resnet34",
  "best_val_f1": 0.960983237917486,
  "best_epoch": 23,
  "f1_per_class": [
    0.9436156763590392,
    0.9677819083023544,
    0.9621106923229518
  ],
  "precision_per_class": [
    0.9544757033248081,
    0.9501216545012166,
    0.959256329113924
  ],
  "recall_per_class": [
    0.933,
    0.9861111111111112,
    0.9649820931157979
  ]
}