{
  "name": "trisha_densenet121",
  "encoder_name": "densenet121",
  "best_val_f1": 0.952081094634286,
  "best_epoch": 31,
  "f1_per_class": [
    0.9444444444444444,
    0.9507598784194529,
    0.961038961038961
  ],
  "precision_per_class": [
    0.9540816326530612,
    0.9167643610785463,
    0.9650882825040128
  ],
  "recall_per_class": [
    0.935,
    0.9873737373737373,
    0.9570234779148428
  ]
}