{
  "name": "trisha_convnext_small",
  "encoder_name": "convnext_small",
  "best_val_f1": 0.9721906685177858,
  "best_epoch": 9,
  "f1_per_class": [
    0.9266390446015111,
    0.9528662420382166,
    0.9487543042333401
  ],
  "precision_per_class": [
    0.9039467427484545,
    0.961439588688946,
    0.9661716171617162
  ],
  "recall_per_class": [
    0.9505,
    0.9444444444444444,
    0.9319538400318345
  ]
}