{
  "name": "trisha_efficientnet_b1",
  "encoder_name": "efficientnet_b1",
  "best_val_f1": 0.9438608957437727,
  "best_epoch": 27,
  "f1_per_class": [
    0.932684924494497,
    0.937989163154726,
    0.950416501388338
  ],
  "precision_per_class": [
    0.9554273728369166,
    0.8964326812428078,
    0.9474100434954528
  ],
  "recall_per_class": [
    0.911,
    0.9835858585858586,
    0.9534421010744131
  ]
}