{
  "name": "trisha_efficientnet_b2",
  "encoder_name": "efficientnet_b2",
  "best_val_f1": 0.9625145365194147,
  "best_epoch": 28,
  "f1_per_class": [
    0.9481746234363033,
    0.9649661954517517,
    0.9628898539281484
  ],
  "precision_per_class": [
    0.9687010954616588,
    0.9401197604790419,
    0.9553466509988249
  ],
  "recall_per_class": [
    0.9285,
    0.9911616161616161,
    0.9705531237564664
  ]
}