{
  "name": "clip_vit_b32_s1",
  "encoder_name": "clip_vit_b32",
  "best_val_f1": 0.9766195074338242,
  "best_epoch": 23,
  "f1_per_class": [
    0.9727158948685858,
    0.0,
    0.9782825263996812
  ],
  "precision_per_class": [
    0.9729594391587381,
    0.0,
    0.9780876494023905
  ],
  "recall_per_class": [
    0.9724724724724725,
    0.0,
    0.9784774810681547
  ]
}