{
  "name": "clip_vit_b32_s2",
  "encoder_name": "clip_vit_b32",
  "best_val_f1": 0.9950005917357279,
  "best_epoch": 16,
  "f1_per_class": [
    0.0,
    0.9917669411019633,
    0.997405707443624
  ],
  "precision_per_class": [
    0.0,
    0.987389659520807,
    0.9988009592326139
  ],
  "recall_per_class": [
    0.0,
    0.9961832061068703,
    0.9960143483459546
  ]
}