{
  "f1_macro": 0.9763213137369847,
  "f1_per_class": [
    0.9669504256384577,
    0.984147114774889,
    0.9778664007976072
  ],
  "precision": [
    0.967434869739479,
    0.9810366624525917,
    0.9784517158818835
  ],
  "recall": [
    0.9664664664664665,
    0.9872773536895675,
    0.977281785571941
  ]
}