{
  "f1_macro": 0.9745415524609132,
  "f1_per_class": [
    0.9636091724825523,
    0.9860050890585241,
    0.9740103958416634
  ],
  "precision": [
    0.9597815292949354,
    0.9860050890585241,
    0.9771359807460891
  ],
  "recall": [
    0.9674674674674675,
    0.9860050890585241,
    0.9709047429254684
  ]
}