{
  "name": "convnext_tiny_s1",
  "encoder_name": "convnext_tiny",
  "best_val_f1": 0.9683349151251235,
  "best_epoch": 5,
  "f1_per_class": [
    0.9598027127003699,
    0.0,
    0.9671304698527929
  ],
  "precision_per_class": [
    0.9460379192999514,
    0.0,
    0.9787755102040816
  ],
  "recall_per_class": [
    0.973973973973974,
    0.0,
    0.9557592666400957
  ]
}