{
  "name": "convnext_tiny_s2",
  "encoder_name": "convnext_tiny",
  "best_val_f1": 0.9966670611571519,
  "best_epoch": 10,
  "f1_per_class": [
    0.0,
    0.9936628643852978,
    0.9980047885075818
  ],
  "precision_per_class": [
    0.0,
    0.98989898989899,
    0.9992009588493808
  ],
  "recall_per_class": [
    0.0,
    0.9974554707379135,
    0.9968114786767637
  ]
}