{
  "name": "convnext_tiny_final",
  "encoder_name": "convnext_tiny",
  "best_val_f1": 0.9749869068686081,
  "best_epoch": 8,
  "f1_per_class": [
    0.9638674308497384,
    0.9860050890585241,
    0.9742051589682064
  ],
  "precision_per_class": [
    0.9598014888337469,
    0.9860050890585241,
    0.9775280898876404
  ],
  "recall_per_class": [
    0.9679679679679679,
    0.9860050890585241,
    0.9709047429254684
  ]
}