{
  "f1_macro": 0.9578088862573138,
  "f1_per_class": [
    0.9452261306532663,
    0.9619937694704049,
    0.9662067586482703
  ],
  "precision": [
    0.9490413723511605,
    0.9426129426129426,
    0.9695024077046549
  ],
  "recall": [
    0.9414414414414415,
    0.9821882951653944,
    0.9629334396173774
  ]
}