{
  "name": "efficientformer_l1_final",
  "encoder_name": "efficientformer_l1",
  "best_val_f1": 0.9584656763265288,
  "best_epoch": 6,
  "f1_per_class": [
    0.9449886963074604,
    0.9625935162094763,
    0.9662067586482703
  ],
  "precision_per_class": [
    0.9485627836611196,
    0.9437652811735942,
    0.9695024077046549
  ],
  "recall_per_class": [
    0.9414414414414415,
    0.9821882951653944,
    0.9629334396173774
  ]
}