{
  "f1_macro": 0.9686489714641014,
  "f1_per_class": [
    0.9598595082789764,
    0.9718925671455341,
    0.9741948389677936
  ],
  "precision": [
    0.9622736418511066,
    0.9546012269938651,
    0.9779116465863453
  ],
  "recall": [
    0.9574574574574575,
    0.989821882951654,
    0.9705061777600638
  ]
}